"Benchmark","Mode","Threads","Samples","Score","Score Error (99.9%)","Unit","Param: tokens","Param: type","Param: wrapped"
"de.serdioa.common.pool.jmh.SharedObjectBenchmark.testMixed","avgt",2,5,17.592143,0.011126,"ns/op",0,pooled,true
"de.serdioa.common.pool.jmh.SharedObjectBenchmark.testMixed","avgt",2,5,1.893870,0.011216,"ns/op",0,pooled,false
"de.serdioa.common.pool.jmh.SharedObjectBenchmark.testMixed","avgt",2,5,32.597450,0.032569,"ns/op",0,locking,true
"de.serdioa.common.pool.jmh.SharedObjectBenchmark.testMixed","avgt",2,5,14.958861,0.376734,"ns/op",0,locking,false
"de.serdioa.common.pool.jmh.SharedObjectBenchmark.testMixed","avgt",2,5,56.540474,4.921888,"ns/op",0,sync,true
"de.serdioa.common.pool.jmh.SharedObjectBenchmark.testMixed","avgt",2,5,14.913974,0.010953,"ns/op",0,sync,false
"de.serdioa.common.pool.jmh.SharedObjectBenchmark.testMixed","avgt",2,5,38.936478,0.065019,"ns/op",0,reflection-locking,true
"de.serdioa.common.pool.jmh.SharedObjectBenchmark.testMixed","avgt",2,5,17.144516,0.013069,"ns/op",0,reflection-locking,false
"de.serdioa.common.pool.jmh.SharedObjectBenchmark.testMixed","avgt",2,5,35.810997,0.051639,"ns/op",0,reflection-sync,true
"de.serdioa.common.pool.jmh.SharedObjectBenchmark.testMixed","avgt",2,5,17.012886,0.140174,"ns/op",0,reflection-sync,false
"de.serdioa.common.pool.jmh.SharedObjectBenchmark.testMixed","avgt",2,5,26.540467,0.189401,"ns/op",10,pooled,true
"de.serdioa.common.pool.jmh.SharedObjectBenchmark.testMixed","avgt",2,5,9.723425,0.030874,"ns/op",10,pooled,false
"de.serdioa.common.pool.jmh.SharedObjectBenchmark.testMixed","avgt",2,5,35.565759,2.436145,"ns/op",10,locking,true
"de.serdioa.common.pool.jmh.SharedObjectBenchmark.testMixed","avgt",2,5,21.949317,0.012621,"ns/op",10,locking,false
"de.serdioa.common.pool.jmh.SharedObjectBenchmark.testMixed","avgt",2,5,35.553686,0.120623,"ns/op",10,sync,true
"de.serdioa.common.pool.jmh.SharedObjectBenchmark.testMixed","avgt",2,5,18.960353,0.019404,"ns/op",10,sync,false
"de.serdioa.common.pool.jmh.SharedObjectBenchmark.testMixed","avgt",2,5,48.441369,0.080106,"ns/op",10,reflection-locking,true
"de.serdioa.common.pool.jmh.SharedObjectBenchmark.testMixed","avgt",2,5,26.780724,0.129328,"ns/op",10,reflection-locking,false
"de.serdioa.common.pool.jmh.SharedObjectBenchmark.testMixed","avgt",2,5,36.360516,0.029293,"ns/op",10,reflection-sync,true
"de.serdioa.common.pool.jmh.SharedObjectBenchmark.testMixed","avgt",2,5,24.046929,1.558754,"ns/op",10,reflection-sync,false
"de.serdioa.common.pool.jmh.SharedObjectBenchmark.testMixed","avgt",2,5,159.287404,0.173695,"ns/op",100,pooled,true
"de.serdioa.common.pool.jmh.SharedObjectBenchmark.testMixed","avgt",2,5,147.950570,0.160008,"ns/op",100,pooled,false
"de.serdioa.common.pool.jmh.SharedObjectBenchmark.testMixed","avgt",2,5,172.079576,0.875766,"ns/op",100,locking,true
"de.serdioa.common.pool.jmh.SharedObjectBenchmark.testMixed","avgt",2,5,156.531319,0.097018,"ns/op",100,locking,false
"de.serdioa.common.pool.jmh.SharedObjectBenchmark.testMixed","avgt",2,5,175.075112,0.090902,"ns/op",100,sync,true
"de.serdioa.common.pool.jmh.SharedObjectBenchmark.testMixed","avgt",2,5,153.559737,0.146249,"ns/op",100,sync,false
"de.serdioa.common.pool.jmh.SharedObjectBenchmark.testMixed","avgt",2,5,183.384679,0.752488,"ns/op",100,reflection-locking,true
"de.serdioa.common.pool.jmh.SharedObjectBenchmark.testMixed","avgt",2,5,159.205965,0.194982,"ns/op",100,reflection-locking,false
"de.serdioa.common.pool.jmh.SharedObjectBenchmark.testMixed","avgt",2,5,184.647093,0.348981,"ns/op",100,reflection-sync,true
"de.serdioa.common.pool.jmh.SharedObjectBenchmark.testMixed","avgt",2,5,165.717544,3.262587,"ns/op",100,reflection-sync,false
"de.serdioa.common.pool.jmh.SharedObjectBenchmark.testMixed","avgt",2,5,316.394463,1.485636,"ns/op",200,pooled,true
"de.serdioa.common.pool.jmh.SharedObjectBenchmark.testMixed","avgt",2,5,303.897865,0.163464,"ns/op",200,pooled,false
"de.serdioa.common.pool.jmh.SharedObjectBenchmark.testMixed","avgt",2,5,341.211062,4.623882,"ns/op",200,locking,true
"de.serdioa.common.pool.jmh.SharedObjectBenchmark.testMixed","avgt",2,5,312.570067,0.205881,"ns/op",200,locking,false
"de.serdioa.common.pool.jmh.SharedObjectBenchmark.testMixed","avgt",2,5,328.152769,11.438405,"ns/op",200,sync,true
"de.serdioa.common.pool.jmh.SharedObjectBenchmark.testMixed","avgt",2,5,309.490822,0.283251,"ns/op",200,sync,false
"de.serdioa.common.pool.jmh.SharedObjectBenchmark.testMixed","avgt",2,5,351.830209,2.508071,"ns/op",200,reflection-locking,true
"de.serdioa.common.pool.jmh.SharedObjectBenchmark.testMixed","avgt",2,5,317.375327,6.067170,"ns/op",200,reflection-locking,false
"de.serdioa.common.pool.jmh.SharedObjectBenchmark.testMixed","avgt",2,5,337.212219,0.486008,"ns/op",200,reflection-sync,true
"de.serdioa.common.pool.jmh.SharedObjectBenchmark.testMixed","avgt",2,5,315.854637,0.227950,"ns/op",200,reflection-sync,false
"de.serdioa.common.pool.jmh.SharedObjectBenchmark.testMixed","avgt",2,5,474.715834,7.855431,"ns/op",300,pooled,true
"de.serdioa.common.pool.jmh.SharedObjectBenchmark.testMixed","avgt",2,5,459.792409,0.373177,"ns/op",300,pooled,false
"de.serdioa.common.pool.jmh.SharedObjectBenchmark.testMixed","avgt",2,5,484.951041,2.850028,"ns/op",300,locking,true
"de.serdioa.common.pool.jmh.SharedObjectBenchmark.testMixed","avgt",2,5,468.424789,0.526117,"ns/op",300,locking,false
"de.serdioa.common.pool.jmh.SharedObjectBenchmark.testMixed","avgt",2,5,481.571968,6.522707,"ns/op",300,sync,true
"de.serdioa.common.pool.jmh.SharedObjectBenchmark.testMixed","avgt",2,5,465.469178,0.512615,"ns/op",300,sync,false
"de.serdioa.common.pool.jmh.SharedObjectBenchmark.testMixed","avgt",2,5,496.559962,0.551409,"ns/op",300,reflection-locking,true
"de.serdioa.common.pool.jmh.SharedObjectBenchmark.testMixed","avgt",2,5,473.649879,8.509426,"ns/op",300,reflection-locking,false
"de.serdioa.common.pool.jmh.SharedObjectBenchmark.testMixed","avgt",2,5,505.707349,5.942508,"ns/op",300,reflection-sync,true
"de.serdioa.common.pool.jmh.SharedObjectBenchmark.testMixed","avgt",2,5,477.796605,5.003438,"ns/op",300,reflection-sync,false
"de.serdioa.common.pool.jmh.SharedObjectBenchmark.testMixed","avgt",2,5,631.493069,13.549004,"ns/op",400,pooled,true
"de.serdioa.common.pool.jmh.SharedObjectBenchmark.testMixed","avgt",2,5,615.774800,0.255804,"ns/op",400,pooled,false
"de.serdioa.common.pool.jmh.SharedObjectBenchmark.testMixed","avgt",2,5,640.246017,1.925816,"ns/op",400,locking,true
"de.serdioa.common.pool.jmh.SharedObjectBenchmark.testMixed","avgt",2,5,624.427946,0.732082,"ns/op",400,locking,false
"de.serdioa.common.pool.jmh.SharedObjectBenchmark.testMixed","avgt",2,5,639.899343,14.670250,"ns/op",400,sync,true
"de.serdioa.common.pool.jmh.SharedObjectBenchmark.testMixed","avgt",2,5,621.495629,0.144850,"ns/op",400,sync,false
"de.serdioa.common.pool.jmh.SharedObjectBenchmark.testMixed","avgt",2,5,657.511654,10.361446,"ns/op",400,reflection-locking,true
"de.serdioa.common.pool.jmh.SharedObjectBenchmark.testMixed","avgt",2,5,628.354635,1.932941,"ns/op",400,reflection-locking,false
"de.serdioa.common.pool.jmh.SharedObjectBenchmark.testMixed","avgt",2,5,648.734602,0.879125,"ns/op",400,reflection-sync,true
"de.serdioa.common.pool.jmh.SharedObjectBenchmark.testMixed","avgt",2,5,630.476005,13.154770,"ns/op",400,reflection-sync,false
"de.serdioa.common.pool.jmh.SharedObjectBenchmark.testMixed","avgt",2,5,789.690297,2.721061,"ns/op",500,pooled,true
"de.serdioa.common.pool.jmh.SharedObjectBenchmark.testMixed","avgt",2,5,771.559810,0.627857,"ns/op",500,pooled,false
"de.serdioa.common.pool.jmh.SharedObjectBenchmark.testMixed","avgt",2,5,797.041808,3.631070,"ns/op",500,locking,true
"de.serdioa.common.pool.jmh.SharedObjectBenchmark.testMixed","avgt",2,5,780.393350,0.906528,"ns/op",500,locking,false
"de.serdioa.common.pool.jmh.SharedObjectBenchmark.testMixed","avgt",2,5,798.985398,29.697049,"ns/op",500,sync,true
"de.serdioa.common.pool.jmh.SharedObjectBenchmark.testMixed","avgt",2,5,777.279476,0.497457,"ns/op",500,sync,false
"de.serdioa.common.pool.jmh.SharedObjectBenchmark.testMixed","avgt",2,5,808.420133,7.441487,"ns/op",500,reflection-locking,true
"de.serdioa.common.pool.jmh.SharedObjectBenchmark.testMixed","avgt",2,5,784.426730,1.097030,"ns/op",500,reflection-locking,false
"de.serdioa.common.pool.jmh.SharedObjectBenchmark.testMixed","avgt",2,5,809.066230,0.754510,"ns/op",500,reflection-sync,true
"de.serdioa.common.pool.jmh.SharedObjectBenchmark.testMixed","avgt",2,5,786.972000,8.208478,"ns/op",500,reflection-sync,false
"de.serdioa.common.pool.jmh.SharedObjectBenchmark.testMixed","avgt",2,5,939.880159,3.344341,"ns/op",600,pooled,true
"de.serdioa.common.pool.jmh.SharedObjectBenchmark.testMixed","avgt",2,5,927.928584,0.706225,"ns/op",600,pooled,false
"de.serdioa.common.pool.jmh.SharedObjectBenchmark.testMixed","avgt",2,5,952.659763,3.738479,"ns/op",600,locking,true
"de.serdioa.common.pool.jmh.SharedObjectBenchmark.testMixed","avgt",2,5,936.307812,0.654367,"ns/op",600,locking,false
"de.serdioa.common.pool.jmh.SharedObjectBenchmark.testMixed","avgt",2,5,950.897667,18.350334,"ns/op",600,sync,true
"de.serdioa.common.pool.jmh.SharedObjectBenchmark.testMixed","avgt",2,5,933.159617,0.855778,"ns/op",600,sync,false
"de.serdioa.common.pool.jmh.SharedObjectBenchmark.testMixed","avgt",2,5,963.912613,13.113889,"ns/op",600,reflection-locking,true
"de.serdioa.common.pool.jmh.SharedObjectBenchmark.testMixed","avgt",2,5,940.278701,1.296942,"ns/op",600,reflection-locking,false
"de.serdioa.common.pool.jmh.SharedObjectBenchmark.testMixed","avgt",2,5,983.884449,8.387877,"ns/op",600,reflection-sync,true
"de.serdioa.common.pool.jmh.SharedObjectBenchmark.testMixed","avgt",2,5,943.034619,8.589197,"ns/op",600,reflection-sync,false
"de.serdioa.common.pool.jmh.SharedObjectBenchmark.testMixed","avgt",2,5,1096.820187,8.505742,"ns/op",700,pooled,true
"de.serdioa.common.pool.jmh.SharedObjectBenchmark.testMixed","avgt",2,5,1083.579754,0.824276,"ns/op",700,pooled,false
"de.serdioa.common.pool.jmh.SharedObjectBenchmark.testMixed","avgt",2,5,1113.114505,22.169641,"ns/op",700,locking,true
"de.serdioa.common.pool.jmh.SharedObjectBenchmark.testMixed","avgt",2,5,1092.821214,4.677128,"ns/op",700,locking,false
"de.serdioa.common.pool.jmh.SharedObjectBenchmark.testMixed","avgt",2,5,1106.828437,10.453159,"ns/op",700,sync,true
"de.serdioa.common.pool.jmh.SharedObjectBenchmark.testMixed","avgt",2,5,1089.097569,0.955381,"ns/op",700,sync,false
"de.serdioa.common.pool.jmh.SharedObjectBenchmark.testMixed","avgt",2,5,1122.050975,6.831909,"ns/op",700,reflection-locking,true
"de.serdioa.common.pool.jmh.SharedObjectBenchmark.testMixed","avgt",2,5,1104.201222,11.892013,"ns/op",700,reflection-locking,false
"de.serdioa.common.pool.jmh.SharedObjectBenchmark.testMixed","avgt",2,5,1123.590199,19.266794,"ns/op",700,reflection-sync,true
"de.serdioa.common.pool.jmh.SharedObjectBenchmark.testMixed","avgt",2,5,1096.491797,6.979993,"ns/op",700,reflection-sync,false
"de.serdioa.common.pool.jmh.SharedObjectBenchmark.testMixed","avgt",2,5,1255.842393,22.343269,"ns/op",800,pooled,true
"de.serdioa.common.pool.jmh.SharedObjectBenchmark.testMixed","avgt",2,5,1239.613573,1.591552,"ns/op",800,pooled,false
"de.serdioa.common.pool.jmh.SharedObjectBenchmark.testMixed","avgt",2,5,1265.695196,9.473620,"ns/op",800,locking,true
"de.serdioa.common.pool.jmh.SharedObjectBenchmark.testMixed","avgt",2,5,1247.949132,0.603538,"ns/op",800,locking,false
"de.serdioa.common.pool.jmh.SharedObjectBenchmark.testMixed","avgt",2,5,1278.100450,5.416525,"ns/op",800,sync,true
"de.serdioa.common.pool.jmh.SharedObjectBenchmark.testMixed","avgt",2,5,1245.160685,1.039320,"ns/op",800,sync,false
"de.serdioa.common.pool.jmh.SharedObjectBenchmark.testMixed","avgt",2,5,1281.341652,11.621082,"ns/op",800,reflection-locking,true
"de.serdioa.common.pool.jmh.SharedObjectBenchmark.testMixed","avgt",2,5,1252.874484,8.968240,"ns/op",800,reflection-locking,false
"de.serdioa.common.pool.jmh.SharedObjectBenchmark.testMixed","avgt",2,5,1273.220976,4.250067,"ns/op",800,reflection-sync,true
"de.serdioa.common.pool.jmh.SharedObjectBenchmark.testMixed","avgt",2,5,1255.336392,10.941654,"ns/op",800,reflection-sync,false
"de.serdioa.common.pool.jmh.SharedObjectBenchmark.testMixed","avgt",2,5,1407.944122,3.496040,"ns/op",900,pooled,true
"de.serdioa.common.pool.jmh.SharedObjectBenchmark.testMixed","avgt",2,5,1395.910644,1.542968,"ns/op",900,pooled,false
"de.serdioa.common.pool.jmh.SharedObjectBenchmark.testMixed","avgt",2,5,1420.121389,3.986989,"ns/op",900,locking,true
"de.serdioa.common.pool.jmh.SharedObjectBenchmark.testMixed","avgt",2,5,1404.081779,0.814568,"ns/op",900,locking,false
"de.serdioa.common.pool.jmh.SharedObjectBenchmark.testMixed","avgt",2,5,1426.336750,7.276655,"ns/op",900,sync,true
"de.serdioa.common.pool.jmh.SharedObjectBenchmark.testMixed","avgt",2,5,1400.863046,0.904321,"ns/op",900,sync,false
"de.serdioa.common.pool.jmh.SharedObjectBenchmark.testMixed","avgt",2,5,1435.998103,10.993733,"ns/op",900,reflection-locking,true
"de.serdioa.common.pool.jmh.SharedObjectBenchmark.testMixed","avgt",2,5,1408.430387,3.893317,"ns/op",900,reflection-locking,false
"de.serdioa.common.pool.jmh.SharedObjectBenchmark.testMixed","avgt",2,5,1432.625325,27.750606,"ns/op",900,reflection-sync,true
"de.serdioa.common.pool.jmh.SharedObjectBenchmark.testMixed","avgt",2,5,1411.952091,9.030767,"ns/op",900,reflection-sync,false
"de.serdioa.common.pool.jmh.SharedObjectBenchmark.testMixed","avgt",2,5,1565.059195,6.235639,"ns/op",1000,pooled,true
"de.serdioa.common.pool.jmh.SharedObjectBenchmark.testMixed","avgt",2,5,1551.254601,0.502630,"ns/op",1000,pooled,false
"de.serdioa.common.pool.jmh.SharedObjectBenchmark.testMixed","avgt",2,5,1584.248160,12.299657,"ns/op",1000,locking,true
"de.serdioa.common.pool.jmh.SharedObjectBenchmark.testMixed","avgt",2,5,1560.040607,1.950959,"ns/op",1000,locking,false
"de.serdioa.common.pool.jmh.SharedObjectBenchmark.testMixed","avgt",2,5,1584.518638,28.922514,"ns/op",1000,sync,true
"de.serdioa.common.pool.jmh.SharedObjectBenchmark.testMixed","avgt",2,5,1556.832406,1.086091,"ns/op",1000,sync,false
"de.serdioa.common.pool.jmh.SharedObjectBenchmark.testMixed","avgt",2,5,1592.889855,6.057501,"ns/op",1000,reflection-locking,true
"de.serdioa.common.pool.jmh.SharedObjectBenchmark.testMixed","avgt",2,5,1568.990018,3.765956,"ns/op",1000,reflection-locking,false
"de.serdioa.common.pool.jmh.SharedObjectBenchmark.testMixed","avgt",2,5,1589.850806,21.688416,"ns/op",1000,reflection-sync,true
"de.serdioa.common.pool.jmh.SharedObjectBenchmark.testMixed","avgt",2,5,1568.178731,8.343936,"ns/op",1000,reflection-sync,false
"de.serdioa.common.pool.jmh.SharedObjectBenchmark.testShared","avgt",2,5,253.240747,16.591753,"ns/op",0,pooled,true
"de.serdioa.common.pool.jmh.SharedObjectBenchmark.testShared","avgt",2,5,1.892463,0.000968,"ns/op",0,pooled,false
"de.serdioa.common.pool.jmh.SharedObjectBenchmark.testShared","avgt",2,5,310.331239,6.813278,"ns/op",0,locking,true
"de.serdioa.common.pool.jmh.SharedObjectBenchmark.testShared","avgt",2,5,219.439070,34.534386,"ns/op",0,locking,false
"de.serdioa.common.pool.jmh.SharedObjectBenchmark.testShared","avgt",2,5,139.377987,17.994686,"ns/op",0,sync,true
"de.serdioa.common.pool.jmh.SharedObjectBenchmark.testShared","avgt",2,5,50.512944,26.400102,"ns/op",0,sync,false
"de.serdioa.common.pool.jmh.SharedObjectBenchmark.testShared","avgt",2,5,262.625353,8.353289,"ns/op",0,reflection-locking,true
"de.serdioa.common.pool.jmh.SharedObjectBenchmark.testShared","avgt",2,5,238.844777,26.706732,"ns/op",0,reflection-locking,false
"de.serdioa.common.pool.jmh.SharedObjectBenchmark.testShared","avgt",2,5,133.221422,26.485638,"ns/op",0,reflection-sync,true
"de.serdioa.common.pool.jmh.SharedObjectBenchmark.testShared","avgt",2,5,88.422726,14.461709,"ns/op",0,reflection-sync,false
"de.serdioa.common.pool.jmh.SharedObjectBenchmark.testShared","avgt",2,5,228.916338,7.416750,"ns/op",10,pooled,true
"de.serdioa.common.pool.jmh.SharedObjectBenchmark.testShared","avgt",2,5,9.720070,0.009382,"ns/op",10,pooled,false
"de.serdioa.common.pool.jmh.SharedObjectBenchmark.testShared","avgt",2,5,260.524031,5.399995,"ns/op",10,locking,true
"de.serdioa.common.pool.jmh.SharedObjectBenchmark.testShared","avgt",2,5,237.929458,89.263885,"ns/op",10,locking,false
"de.serdioa.common.pool.jmh.SharedObjectBenchmark.testShared","avgt",2,5,133.731766,41.443974,"ns/op",10,sync,true
"de.serdioa.common.pool.jmh.SharedObjectBenchmark.testShared","avgt",2,5,129.276791,94.685844,"ns/op",10,sync,false
"de.serdioa.common.pool.jmh.SharedObjectBenchmark.testShared","avgt",2,5,312.162701,11.253319,"ns/op",10,reflection-locking,true
"de.serdioa.common.pool.jmh.SharedObjectBenchmark.testShared","avgt",2,5,191.615347,16.827754,"ns/op",10,reflection-locking,false
"de.serdioa.common.pool.jmh.SharedObjectBenchmark.testShared","avgt",2,5,191.440769,22.673675,"ns/op",10,reflection-sync,true
"de.serdioa.common.pool.jmh.SharedObjectBenchmark.testShared","avgt",2,5,93.139707,6.937291,"ns/op",10,reflection-sync,false
"de.serdioa.common.pool.jmh.SharedObjectBenchmark.testShared","avgt",2,5,258.033366,4.784636,"ns/op",100,pooled,true
"de.serdioa.common.pool.jmh.SharedObjectBenchmark.testShared","avgt",2,5,147.969513,0.095960,"ns/op",100,pooled,false
"de.serdioa.common.pool.jmh.SharedObjectBenchmark.testShared","avgt",2,5,377.702909,19.616230,"ns/op",100,locking,true
"de.serdioa.common.pool.jmh.SharedObjectBenchmark.testShared","avgt",2,5,268.728402,8.101695,"ns/op",100,locking,false
"de.serdioa.common.pool.jmh.SharedObjectBenchmark.testShared","avgt",2,5,535.269400,161.051583,"ns/op",100,sync,true
"de.serdioa.common.pool.jmh.SharedObjectBenchmark.testShared","avgt",2,5,469.068032,27.157014,"ns/op",100,sync,false
"de.serdioa.common.pool.jmh.SharedObjectBenchmark.testShared","avgt",2,5,406.992070,21.842087,"ns/op",100,reflection-locking,true
"de.serdioa.common.pool.jmh.SharedObjectBenchmark.testShared","avgt",2,5,250.918506,5.121114,"ns/op",100,reflection-locking,false
"de.serdioa.common.pool.jmh.SharedObjectBenchmark.testShared","avgt",2,5,554.169605,22.997515,"ns/op",100,reflection-sync,true
"de.serdioa.common.pool.jmh.SharedObjectBenchmark.testShared","avgt",2,5,480.187521,12.587962,"ns/op",100,reflection-sync,false
"de.serdioa.common.pool.jmh.SharedObjectBenchmark.testShared","avgt",2,5,389.658344,1.671631,"ns/op",200,pooled,true
"de.serdioa.common.pool.jmh.SharedObjectBenchmark.testShared","avgt",2,5,303.936315,0.120092,"ns/op",200,pooled,false
"de.serdioa.common.pool.jmh.SharedObjectBenchmark.testShared","avgt",2,5,488.247133,3.634445,"ns/op",200,locking,true
"de.serdioa.common.pool.jmh.SharedObjectBenchmark.testShared","avgt",2,5,385.850900,3.139480,"ns/op",200,locking,false
"de.serdioa.common.pool.jmh.SharedObjectBenchmark.testShared","avgt",2,5,1122.009243,204.471751,"ns/op",200,sync,true
"de.serdioa.common.pool.jmh.SharedObjectBenchmark.testShared","avgt",2,5,1033.064273,112.072843,"ns/op",200,sync,false
"de.serdioa.common.pool.jmh.SharedObjectBenchmark.testShared","avgt",2,5,516.780727,12.369215,"ns/op",200,reflection-locking,true
"de.serdioa.common.pool.jmh.SharedObjectBenchmark.testShared","avgt",2,5,396.890145,5.612490,"ns/op",200,reflection-locking,false
"de.serdioa.common.pool.jmh.SharedObjectBenchmark.testShared","avgt",2,5,1289.933249,1142.491570,"ns/op",200,reflection-sync,true
"de.serdioa.common.pool.jmh.SharedObjectBenchmark.testShared","avgt",2,5,1046.480773,48.599849,"ns/op",200,reflection-sync,false
"de.serdioa.common.pool.jmh.SharedObjectBenchmark.testShared","avgt",2,5,554.968250,10.447593,"ns/op",300,pooled,true
"de.serdioa.common.pool.jmh.SharedObjectBenchmark.testShared","avgt",2,5,459.747314,0.201635,"ns/op",300,pooled,false
"de.serdioa.common.pool.jmh.SharedObjectBenchmark.testShared","avgt",2,5,647.474729,19.384351,"ns/op",300,locking,true
"de.serdioa.common.pool.jmh.SharedObjectBenchmark.testShared","avgt",2,5,567.309865,5.557989,"ns/op",300,locking,false
"de.serdioa.common.pool.jmh.SharedObjectBenchmark.testShared","avgt",2,5,5355.448359,12794.317596,"ns/op",300,sync,true
"de.serdioa.common.pool.jmh.SharedObjectBenchmark.testShared","avgt",2,5,1430.401006,67.819082,"ns/op",300,sync,false
"de.serdioa.common.pool.jmh.SharedObjectBenchmark.testShared","avgt",2,5,636.615430,8.035896,"ns/op",300,reflection-locking,true
"de.serdioa.common.pool.jmh.SharedObjectBenchmark.testShared","avgt",2,5,596.024452,6.124930,"ns/op",300,reflection-locking,false
"de.serdioa.common.pool.jmh.SharedObjectBenchmark.testShared","avgt",2,5,1583.118482,369.065464,"ns/op",300,reflection-sync,true
"de.serdioa.common.pool.jmh.SharedObjectBenchmark.testShared","avgt",2,5,1438.141446,36.234450,"ns/op",300,reflection-sync,false
"de.serdioa.common.pool.jmh.SharedObjectBenchmark.testShared","avgt",2,5,730.882526,20.644942,"ns/op",400,pooled,true
"de.serdioa.common.pool.jmh.SharedObjectBenchmark.testShared","avgt",2,5,615.712435,0.404349,"ns/op",400,pooled,false
"de.serdioa.common.pool.jmh.SharedObjectBenchmark.testShared","avgt",2,5,777.327935,8.174537,"ns/op",400,locking,true
"de.serdioa.common.pool.jmh.SharedObjectBenchmark.testShared","avgt",2,5,731.903998,5.987254,"ns/op",400,locking,false
"de.serdioa.common.pool.jmh.SharedObjectBenchmark.testShared","avgt",2,5,2115.910874,1035.193211,"ns/op",400,sync,true
"de.serdioa.common.pool.jmh.SharedObjectBenchmark.testShared","avgt",2,5,1919.974200,410.549269,"ns/op",400,sync,false
"de.serdioa.common.pool.jmh.SharedObjectBenchmark.testShared","avgt",2,5,797.184207,11.366400,"ns/op",400,reflection-locking,true
"de.serdioa.common.pool.jmh.SharedObjectBenchmark.testShared","avgt",2,5,737.259961,11.253489,"ns/op",400,reflection-locking,false
"de.serdioa.common.pool.jmh.SharedObjectBenchmark.testShared","avgt",2,5,2649.849828,5573.755640,"ns/op",400,reflection-sync,true
"de.serdioa.common.pool.jmh.SharedObjectBenchmark.testShared","avgt",2,5,1908.878444,207.784347,"ns/op",400,reflection-sync,false
"de.serdioa.common.pool.jmh.SharedObjectBenchmark.testShared","avgt",2,5,872.162060,2.194285,"ns/op",500,pooled,true
"de.serdioa.common.pool.jmh.SharedObjectBenchmark.testShared","avgt",2,5,771.656691,0.574745,"ns/op",500,pooled,false
"de.serdioa.common.pool.jmh.SharedObjectBenchmark.testShared","avgt",2,5,927.947351,2.239769,"ns/op",500,locking,true
"de.serdioa.common.pool.jmh.SharedObjectBenchmark.testShared","avgt",2,5,866.585633,22.468712,"ns/op",500,locking,false
"de.serdioa.common.pool.jmh.SharedObjectBenchmark.testShared","avgt",2,5,2536.993635,662.163657,"ns/op",500,sync,true
"de.serdioa.common.pool.jmh.SharedObjectBenchmark.testShared","avgt",2,5,2350.812561,216.386328,"ns/op",500,sync,false
"de.serdioa.common.pool.jmh.SharedObjectBenchmark.testShared","avgt",2,5,965.975390,10.569713,"ns/op",500,reflection-locking,true
"de.serdioa.common.pool.jmh.SharedObjectBenchmark.testShared","avgt",2,5,864.508920,4.046026,"ns/op",500,reflection-locking,false
"de.serdioa.common.pool.jmh.SharedObjectBenchmark.testShared","avgt",2,5,12429.111227,54680.034504,"ns/op",500,reflection-sync,true
"de.serdioa.common.pool.jmh.SharedObjectBenchmark.testShared","avgt",2,5,2414.384796,410.558674,"ns/op",500,reflection-sync,false
"de.serdioa.common.pool.jmh.SharedObjectBenchmark.testShared","avgt",2,5,1029.174461,20.186720,"ns/op",600,pooled,true
"de.serdioa.common.pool.jmh.SharedObjectBenchmark.testShared","avgt",2,5,927.958779,0.924061,"ns/op",600,pooled,false
"de.serdioa.common.pool.jmh.SharedObjectBenchmark.testShared","avgt",2,5,1138.267627,13.591507,"ns/op",600,locking,true
"de.serdioa.common.pool.jmh.SharedObjectBenchmark.testShared","avgt",2,5,1018.661566,14.280810,"ns/op",600,locking,false
"de.serdioa.common.pool.jmh.SharedObjectBenchmark.testShared","avgt",2,5,79138.570377,245909.275910,"ns/op",600,sync,true
"de.serdioa.common.pool.jmh.SharedObjectBenchmark.testShared","avgt",2,5,8463.945405,35255.027861,"ns/op",600,sync,false
"de.serdioa.common.pool.jmh.SharedObjectBenchmark.testShared","avgt",2,5,1103.209870,5.561301,"ns/op",600,reflection-locking,true
"de.serdioa.common.pool.jmh.SharedObjectBenchmark.testShared","avgt",2,5,1018.894781,3.594448,"ns/op",600,reflection-locking,false
"de.serdioa.common.pool.jmh.SharedObjectBenchmark.testShared","avgt",2,5,8039.984986,16803.963259,"ns/op",600,reflection-sync,true
"de.serdioa.common.pool.jmh.SharedObjectBenchmark.testShared","avgt",2,5,2735.386356,833.873962,"ns/op",600,reflection-sync,false
"de.serdioa.common.pool.jmh.SharedObjectBenchmark.testShared","avgt",2,5,1184.347318,45.526244,"ns/op",700,pooled,true
"de.serdioa.common.pool.jmh.SharedObjectBenchmark.testShared","avgt",2,5,1083.549125,0.752012,"ns/op",700,pooled,false
"de.serdioa.common.pool.jmh.SharedObjectBenchmark.testShared","avgt",2,5,1245.312637,12.292626,"ns/op",700,locking,true
"de.serdioa.common.pool.jmh.SharedObjectBenchmark.testShared","avgt",2,5,1177.408225,35.675465,"ns/op",700,locking,false
"de.serdioa.common.pool.jmh.SharedObjectBenchmark.testShared","avgt",2,5,3000.516849,83.714832,"ns/op",700,sync,true
"de.serdioa.common.pool.jmh.SharedObjectBenchmark.testShared","avgt",2,5,4149.674093,2758.793486,"ns/op",700,sync,false
"de.serdioa.common.pool.jmh.SharedObjectBenchmark.testShared","avgt",2,5,1274.842881,10.968870,"ns/op",700,reflection-locking,true
"de.serdioa.common.pool.jmh.SharedObjectBenchmark.testShared","avgt",2,5,1182.424718,21.926134,"ns/op",700,reflection-locking,false
"de.serdioa.common.pool.jmh.SharedObjectBenchmark.testShared","avgt",2,5,3405.804690,1134.501943,"ns/op",700,reflection-sync,true
"de.serdioa.common.pool.jmh.SharedObjectBenchmark.testShared","avgt",2,5,3193.225371,813.141119,"ns/op",700,reflection-sync,false
"de.serdioa.common.pool.jmh.SharedObjectBenchmark.testShared","avgt",2,5,1334.867885,39.300165,"ns/op",800,pooled,true
"de.serdioa.common.pool.jmh.SharedObjectBenchmark.testShared","avgt",2,5,1239.857981,0.718276,"ns/op",800,pooled,false
"de.serdioa.common.pool.jmh.SharedObjectBenchmark.testShared","avgt",2,5,1416.801519,11.553275,"ns/op",800,locking,true
"de.serdioa.common.pool.jmh.SharedObjectBenchmark.testShared","avgt",2,5,1329.150278,21.621324,"ns/op",800,locking,false
"de.serdioa.common.pool.jmh.SharedObjectBenchmark.testShared","avgt",2,5,3806.202953,1282.532787,"ns/op",800,sync,true
"de.serdioa.common.pool.jmh.SharedObjectBenchmark.testShared","avgt",2,5,3375.482555,388.092675,"ns/op",800,sync,false
"de.serdioa.common.pool.jmh.SharedObjectBenchmark.testShared","avgt",2,5,1445.088826,9.669520,"ns/op",800,reflection-locking,true
"de.serdioa.common.pool.jmh.SharedObjectBenchmark.testShared","avgt",2,5,1335.346469,25.960213,"ns/op",800,reflection-locking,false
"de.serdioa.common.pool.jmh.SharedObjectBenchmark.testShared","avgt",2,5,3525.880596,317.441265,"ns/op",800,reflection-sync,true
"de.serdioa.common.pool.jmh.SharedObjectBenchmark.testShared","avgt",2,5,3617.893600,1316.041347,"ns/op",800,reflection-sync,false
"de.serdioa.common.pool.jmh.SharedObjectBenchmark.testShared","avgt",2,5,1486.890903,26.206034,"ns/op",900,pooled,true
"de.serdioa.common.pool.jmh.SharedObjectBenchmark.testShared","avgt",2,5,1395.596700,1.087875,"ns/op",900,pooled,false
"de.serdioa.common.pool.jmh.SharedObjectBenchmark.testShared","avgt",2,5,1551.185004,8.002093,"ns/op",900,locking,true
"de.serdioa.common.pool.jmh.SharedObjectBenchmark.testShared","avgt",2,5,1484.907754,15.932001,"ns/op",900,locking,false
"de.serdioa.common.pool.jmh.SharedObjectBenchmark.testShared","avgt",2,5,3609.868645,200.081904,"ns/op",900,sync,true
"de.serdioa.common.pool.jmh.SharedObjectBenchmark.testShared","avgt",2,5,3710.833065,499.850588,"ns/op",900,sync,false
"de.serdioa.common.pool.jmh.SharedObjectBenchmark.testShared","avgt",2,5,1565.867466,3.326869,"ns/op",900,reflection-locking,true
"de.serdioa.common.pool.jmh.SharedObjectBenchmark.testShared","avgt",2,5,1490.346753,29.581739,"ns/op",900,reflection-locking,false
"de.serdioa.common.pool.jmh.SharedObjectBenchmark.testShared","avgt",2,5,4085.234259,3269.357038,"ns/op",900,reflection-sync,true
"de.serdioa.common.pool.jmh.SharedObjectBenchmark.testShared","avgt",2,5,3606.218644,39.252332,"ns/op",900,reflection-sync,false
"de.serdioa.common.pool.jmh.SharedObjectBenchmark.testShared","avgt",2,5,1640.803152,11.513499,"ns/op",1000,pooled,true
"de.serdioa.common.pool.jmh.SharedObjectBenchmark.testShared","avgt",2,5,1551.217287,0.720317,"ns/op",1000,pooled,false
"de.serdioa.common.pool.jmh.SharedObjectBenchmark.testShared","avgt",2,5,1707.407369,14.312139,"ns/op",1000,locking,true
"de.serdioa.common.pool.jmh.SharedObjectBenchmark.testShared","avgt",2,5,1641.906469,22.403387,"ns/op",1000,locking,false
"de.serdioa.common.pool.jmh.SharedObjectBenchmark.testShared","avgt",2,5,4620.969800,537.360987,"ns/op",1000,sync,true
"de.serdioa.common.pool.jmh.SharedObjectBenchmark.testShared","avgt",2,5,4581.275402,557.180355,"ns/op",1000,sync,false
"de.serdioa.common.pool.jmh.SharedObjectBenchmark.testShared","avgt",2,5,1724.454870,5.655228,"ns/op",1000,reflection-locking,true
"de.serdioa.common.pool.jmh.SharedObjectBenchmark.testShared","avgt",2,5,1642.718816,21.918587,"ns/op",1000,reflection-locking,false
"de.serdioa.common.pool.jmh.SharedObjectBenchmark.testShared","avgt",2,5,4695.998163,1304.979382,"ns/op",1000,reflection-sync,true
"de.serdioa.common.pool.jmh.SharedObjectBenchmark.testShared","avgt",2,5,4338.776067,112.772788,"ns/op",1000,reflection-sync,false
"de.serdioa.common.pool.jmh.SharedObjectBenchmark.testThread","avgt",2,5,20.645686,0.050024,"ns/op",0,pooled,true
"de.serdioa.common.pool.jmh.SharedObjectBenchmark.testThread","avgt",2,5,1.892516,0.001035,"ns/op",0,pooled,false
"de.serdioa.common.pool.jmh.SharedObjectBenchmark.testThread","avgt",2,5,32.599424,0.026714,"ns/op",0,locking,true
"de.serdioa.common.pool.jmh.SharedObjectBenchmark.testThread","avgt",2,5,14.911952,0.003298,"ns/op",0,locking,false
"de.serdioa.common.pool.jmh.SharedObjectBenchmark.testThread","avgt",2,5,29.791021,0.028116,"ns/op",0,sync,true
"de.serdioa.common.pool.jmh.SharedObjectBenchmark.testThread","avgt",2,5,15.074231,1.325550,"ns/op",0,sync,false
"de.serdioa.common.pool.jmh.SharedObjectBenchmark.testThread","avgt",2,5,38.054352,0.072085,"ns/op",0,reflection-locking,true
"de.serdioa.common.pool.jmh.SharedObjectBenchmark.testThread","avgt",2,5,20.869822,0.065348,"ns/op",0,reflection-locking,false
"de.serdioa.common.pool.jmh.SharedObjectBenchmark.testThread","avgt",2,5,34.957081,0.117623,"ns/op",0,reflection-sync,true
"de.serdioa.common.pool.jmh.SharedObjectBenchmark.testThread","avgt",2,5,18.864071,0.026131,"ns/op",0,reflection-sync,false
"de.serdioa.common.pool.jmh.SharedObjectBenchmark.testThread","avgt",2,5,23.835793,0.220477,"ns/op",10,pooled,true
"de.serdioa.common.pool.jmh.SharedObjectBenchmark.testThread","avgt",2,5,9.722353,0.007028,"ns/op",10,pooled,false
"de.serdioa.common.pool.jmh.SharedObjectBenchmark.testThread","avgt",2,5,37.458815,2.765724,"ns/op",10,locking,true
"de.serdioa.common.pool.jmh.SharedObjectBenchmark.testThread","avgt",2,5,21.946411,0.030774,"ns/op",10,locking,false
"de.serdioa.common.pool.jmh.SharedObjectBenchmark.testThread","avgt",2,5,55.747556,15.616831,"ns/op",10,sync,true
"de.serdioa.common.pool.jmh.SharedObjectBenchmark.testThread","avgt",2,5,18.959101,0.010541,"ns/op",10,sync,false
"de.serdioa.common.pool.jmh.SharedObjectBenchmark.testThread","avgt",2,5,65.103284,1.235117,"ns/op",10,reflection-locking,true
"de.serdioa.common.pool.jmh.SharedObjectBenchmark.testThread","avgt",2,5,23.123804,0.012598,"ns/op",10,reflection-locking,false
"de.serdioa.common.pool.jmh.SharedObjectBenchmark.testThread","avgt",2,5,65.959669,2.314640,"ns/op",10,reflection-sync,true
"de.serdioa.common.pool.jmh.SharedObjectBenchmark.testThread","avgt",2,5,23.879255,0.131774,"ns/op",10,reflection-sync,false
"de.serdioa.common.pool.jmh.SharedObjectBenchmark.testThread","avgt",2,5,159.276372,0.119813,"ns/op",100,pooled,true
"de.serdioa.common.pool.jmh.SharedObjectBenchmark.testThread","avgt",2,5,147.914519,0.010496,"ns/op",100,pooled,false
"de.serdioa.common.pool.jmh.SharedObjectBenchmark.testThread","avgt",2,5,171.876190,0.656281,"ns/op",100,locking,true
"de.serdioa.common.pool.jmh.SharedObjectBenchmark.testThread","avgt",2,5,156.608109,0.120352,"ns/op",100,locking,false
"de.serdioa.common.pool.jmh.SharedObjectBenchmark.testThread","avgt",2,5,172.927807,3.849711,"ns/op",100,sync,true
"de.serdioa.common.pool.jmh.SharedObjectBenchmark.testThread","avgt",2,5,153.528549,0.097911,"ns/op",100,sync,false
"de.serdioa.common.pool.jmh.SharedObjectBenchmark.testThread","avgt",2,5,184.346510,0.166918,"ns/op",100,reflection-locking,true
"de.serdioa.common.pool.jmh.SharedObjectBenchmark.testThread","avgt",2,5,165.565543,0.094234,"ns/op",100,reflection-locking,false
"de.serdioa.common.pool.jmh.SharedObjectBenchmark.testThread","avgt",2,5,195.592610,7.246734,"ns/op",100,reflection-sync,true
"de.serdioa.common.pool.jmh.SharedObjectBenchmark.testThread","avgt",2,5,159.218445,0.152618,"ns/op",100,reflection-sync,false
"de.serdioa.common.pool.jmh.SharedObjectBenchmark.testThread","avgt",2,5,315.876757,0.382865,"ns/op",200,pooled,true
"de.serdioa.common.pool.jmh.SharedObjectBenchmark.testThread","avgt",2,5,303.933877,0.241130,"ns/op",200,pooled,false
"de.serdioa.common.pool.jmh.SharedObjectBenchmark.testThread","avgt",2,5,328.950884,4.212016,"ns/op",200,locking,true
"de.serdioa.common.pool.jmh.SharedObjectBenchmark.testThread","avgt",2,5,312.588716,0.120079,"ns/op",200,locking,false
"de.serdioa.common.pool.jmh.SharedObjectBenchmark.testThread","avgt",2,5,334.132328,21.542810,"ns/op",200,sync,true
"de.serdioa.common.pool.jmh.SharedObjectBenchmark.testThread","avgt",2,5,309.588362,1.132624,"ns/op",200,sync,false
"de.serdioa.common.pool.jmh.SharedObjectBenchmark.testThread","avgt",2,5,340.937967,0.259203,"ns/op",200,reflection-locking,true
"de.serdioa.common.pool.jmh.SharedObjectBenchmark.testThread","avgt",2,5,317.684920,11.708786,"ns/op",200,reflection-locking,false
"de.serdioa.common.pool.jmh.SharedObjectBenchmark.testThread","avgt",2,5,341.059624,0.634147,"ns/op",200,reflection-sync,true
"de.serdioa.common.pool.jmh.SharedObjectBenchmark.testThread","avgt",2,5,315.975446,1.275522,"ns/op",200,reflection-sync,false
"de.serdioa.common.pool.jmh.SharedObjectBenchmark.testThread","avgt",2,5,471.834586,0.265387,"ns/op",300,pooled,true
"de.serdioa.common.pool.jmh.SharedObjectBenchmark.testThread","avgt",2,5,459.827217,0.255172,"ns/op",300,pooled,false
"de.serdioa.common.pool.jmh.SharedObjectBenchmark.testThread","avgt",2,5,484.604433,2.147178,"ns/op",300,locking,true
"de.serdioa.common.pool.jmh.SharedObjectBenchmark.testThread","avgt",2,5,468.415555,0.383941,"ns/op",300,locking,false
"de.serdioa.common.pool.jmh.SharedObjectBenchmark.testThread","avgt",2,5,487.829799,34.512271,"ns/op",300,sync,true
"de.serdioa.common.pool.jmh.SharedObjectBenchmark.testThread","avgt",2,5,465.464742,0.381526,"ns/op",300,sync,false
"de.serdioa.common.pool.jmh.SharedObjectBenchmark.testThread","avgt",2,5,499.157324,2.486014,"ns/op",300,reflection-locking,true
"de.serdioa.common.pool.jmh.SharedObjectBenchmark.testThread","avgt",2,5,471.637317,0.944957,"ns/op",300,reflection-locking,false
"de.serdioa.common.pool.jmh.SharedObjectBenchmark.testThread","avgt",2,5,509.049656,4.322922,"ns/op",300,reflection-sync,true
"de.serdioa.common.pool.jmh.SharedObjectBenchmark.testThread","avgt",2,5,472.355549,1.892589,"ns/op",300,reflection-sync,false
"de.serdioa.common.pool.jmh.SharedObjectBenchmark.testThread","avgt",2,5,627.754884,0.390495,"ns/op",400,pooled,true
"de.serdioa.common.pool.jmh.SharedObjectBenchmark.testThread","avgt",2,5,615.652088,0.198777,"ns/op",400,pooled,false
"de.serdioa.common.pool.jmh.SharedObjectBenchmark.testThread","avgt",2,5,640.690868,7.021941,"ns/op",400,locking,true
"de.serdioa.common.pool.jmh.SharedObjectBenchmark.testThread","avgt",2,5,624.265861,0.368205,"ns/op",400,locking,false
"de.serdioa.common.pool.jmh.SharedObjectBenchmark.testThread","avgt",2,5,649.646409,2.120833,"ns/op",400,sync,true
"de.serdioa.common.pool.jmh.SharedObjectBenchmark.testThread","avgt",2,5,621.345994,0.384093,"ns/op",400,sync,false
"de.serdioa.common.pool.jmh.SharedObjectBenchmark.testThread","avgt",2,5,652.511187,4.914885,"ns/op",400,reflection-locking,true
"de.serdioa.common.pool.jmh.SharedObjectBenchmark.testThread","avgt",2,5,628.597918,0.896413,"ns/op",400,reflection-locking,false
"de.serdioa.common.pool.jmh.SharedObjectBenchmark.testThread","avgt",2,5,648.482207,0.368409,"ns/op",400,reflection-sync,true
"de.serdioa.common.pool.jmh.SharedObjectBenchmark.testThread","avgt",2,5,628.149331,3.462662,"ns/op",400,reflection-sync,false
"de.serdioa.common.pool.jmh.SharedObjectBenchmark.testThread","avgt",2,5,784.103196,2.809774,"ns/op",500,pooled,true
"de.serdioa.common.pool.jmh.SharedObjectBenchmark.testThread","avgt",2,5,771.813339,1.694047,"ns/op",500,pooled,false
"de.serdioa.common.pool.jmh.SharedObjectBenchmark.testThread","avgt",2,5,805.936481,14.796639,"ns/op",500,locking,true
"de.serdioa.common.pool.jmh.SharedObjectBenchmark.testThread","avgt",2,5,779.965789,0.722497,"ns/op",500,locking,false
"de.serdioa.common.pool.jmh.SharedObjectBenchmark.testThread","avgt",2,5,806.263615,43.460288,"ns/op",500,sync,true
"de.serdioa.common.pool.jmh.SharedObjectBenchmark.testThread","avgt",2,5,777.359348,0.551814,"ns/op",500,sync,false
"de.serdioa.common.pool.jmh.SharedObjectBenchmark.testThread","avgt",2,5,811.170385,0.365263,"ns/op",500,reflection-locking,true
"de.serdioa.common.pool.jmh.SharedObjectBenchmark.testThread","avgt",2,5,784.482047,1.453916,"ns/op",500,reflection-locking,false
"de.serdioa.common.pool.jmh.SharedObjectBenchmark.testThread","avgt",2,5,808.504382,0.723819,"ns/op",500,reflection-sync,true
"de.serdioa.common.pool.jmh.SharedObjectBenchmark.testThread","avgt",2,5,784.413824,3.334966,"ns/op",500,reflection-sync,false
"de.serdioa.common.pool.jmh.SharedObjectBenchmark.testThread","avgt",2,5,945.158744,1.338510,"ns/op",600,pooled,true
"de.serdioa.common.pool.jmh.SharedObjectBenchmark.testThread","avgt",2,5,927.696350,0.655236,"ns/op",600,pooled,false
"de.serdioa.common.pool.jmh.SharedObjectBenchmark.testThread","avgt",2,5,960.635874,13.096607,"ns/op",600,locking,true
"de.serdioa.common.pool.jmh.SharedObjectBenchmark.testThread","avgt",2,5,936.276616,0.938376,"ns/op",600,locking,false
"de.serdioa.common.pool.jmh.SharedObjectBenchmark.testThread","avgt",2,5,955.204012,35.741564,"ns/op",600,sync,true
"de.serdioa.common.pool.jmh.SharedObjectBenchmark.testThread","avgt",2,5,933.060754,0.778317,"ns/op",600,sync,false
"de.serdioa.common.pool.jmh.SharedObjectBenchmark.testThread","avgt",2,5,965.696405,10.822929,"ns/op",600,reflection-locking,true
"de.serdioa.common.pool.jmh.SharedObjectBenchmark.testThread","avgt",2,5,939.957900,1.242421,"ns/op",600,reflection-locking,false
"de.serdioa.common.pool.jmh.SharedObjectBenchmark.testThread","avgt",2,5,977.700845,6.695606,"ns/op",600,reflection-sync,true
"de.serdioa.common.pool.jmh.SharedObjectBenchmark.testThread","avgt",2,5,942.397524,7.864267,"ns/op",600,reflection-sync,false
"de.serdioa.common.pool.jmh.SharedObjectBenchmark.testThread","avgt",2,5,1102.792464,13.778568,"ns/op",700,pooled,true
"de.serdioa.common.pool.jmh.SharedObjectBenchmark.testThread","avgt",2,5,1083.844646,1.017664,"ns/op",700,pooled,false
"de.serdioa.common.pool.jmh.SharedObjectBenchmark.testThread","avgt",2,5,1110.192830,13.636519,"ns/op",700,locking,true
"de.serdioa.common.pool.jmh.SharedObjectBenchmark.testThread","avgt",2,5,1092.692667,5.866864,"ns/op",700,locking,false
"de.serdioa.common.pool.jmh.SharedObjectBenchmark.testThread","avgt",2,5,1106.933898,30.050583,"ns/op",700,sync,true
"de.serdioa.common.pool.jmh.SharedObjectBenchmark.testThread","avgt",2,5,1089.321088,1.681707,"ns/op",700,sync,false
"de.serdioa.common.pool.jmh.SharedObjectBenchmark.testThread","avgt",2,5,1120.826301,4.928225,"ns/op",700,reflection-locking,true
"de.serdioa.common.pool.jmh.SharedObjectBenchmark.testThread","avgt",2,5,1095.944700,4.784420,"ns/op",700,reflection-locking,false
"de.serdioa.common.pool.jmh.SharedObjectBenchmark.testThread","avgt",2,5,1121.298047,21.704043,"ns/op",700,reflection-sync,true
"de.serdioa.common.pool.jmh.SharedObjectBenchmark.testThread","avgt",2,5,1098.902973,8.405544,"ns/op",700,reflection-sync,false
"de.serdioa.common.pool.jmh.SharedObjectBenchmark.testThread","avgt",2,5,1251.248590,1.085798,"ns/op",800,pooled,true
"de.serdioa.common.pool.jmh.SharedObjectBenchmark.testThread","avgt",2,5,1239.806285,0.925403,"ns/op",800,pooled,false
"de.serdioa.common.pool.jmh.SharedObjectBenchmark.testThread","avgt",2,5,1266.554369,4.486117,"ns/op",800,locking,true
"de.serdioa.common.pool.jmh.SharedObjectBenchmark.testThread","avgt",2,5,1247.981994,0.783053,"ns/op",800,locking,false
"de.serdioa.common.pool.jmh.SharedObjectBenchmark.testThread","avgt",2,5,1259.638140,1.995921,"ns/op",800,sync,true
"de.serdioa.common.pool.jmh.SharedObjectBenchmark.testThread","avgt",2,5,1245.253601,0.871841,"ns/op",800,sync,false
"de.serdioa.common.pool.jmh.SharedObjectBenchmark.testThread","avgt",2,5,1275.029852,3.018921,"ns/op",800,reflection-locking,true
"de.serdioa.common.pool.jmh.SharedObjectBenchmark.testThread","avgt",2,5,1251.279504,0.775750,"ns/op",800,reflection-locking,false
"de.serdioa.common.pool.jmh.SharedObjectBenchmark.testThread","avgt",2,5,1277.487321,16.944960,"ns/op",800,reflection-sync,true
"de.serdioa.common.pool.jmh.SharedObjectBenchmark.testThread","avgt",2,5,1254.336367,12.276805,"ns/op",800,reflection-sync,false
"de.serdioa.common.pool.jmh.SharedObjectBenchmark.testThread","avgt",2,5,1407.643018,1.863005,"ns/op",900,pooled,true
"de.serdioa.common.pool.jmh.SharedObjectBenchmark.testThread","avgt",2,5,1395.626619,0.418039,"ns/op",900,pooled,false
"de.serdioa.common.pool.jmh.SharedObjectBenchmark.testThread","avgt",2,5,1419.787640,4.050995,"ns/op",900,locking,true
"de.serdioa.common.pool.jmh.SharedObjectBenchmark.testThread","avgt",2,5,1404.077648,0.655184,"ns/op",900,locking,false
"de.serdioa.common.pool.jmh.SharedObjectBenchmark.testThread","avgt",2,5,1421.676353,39.153480,"ns/op",900,sync,true
"de.serdioa.common.pool.jmh.SharedObjectBenchmark.testThread","avgt",2,5,1400.857172,0.639072,"ns/op",900,sync,false
"de.serdioa.common.pool.jmh.SharedObjectBenchmark.testThread","avgt",2,5,1435.833641,14.338096,"ns/op",900,reflection-locking,true
"de.serdioa.common.pool.jmh.SharedObjectBenchmark.testThread","avgt",2,5,1407.409563,1.325283,"ns/op",900,reflection-locking,false
"de.serdioa.common.pool.jmh.SharedObjectBenchmark.testThread","avgt",2,5,1443.998162,26.386691,"ns/op",900,reflection-sync,true
"de.serdioa.common.pool.jmh.SharedObjectBenchmark.testThread","avgt",2,5,1409.511775,7.691521,"ns/op",900,reflection-sync,false
"de.serdioa.common.pool.jmh.SharedObjectBenchmark.testThread","avgt",2,5,1563.910779,2.025106,"ns/op",1000,pooled,true
"de.serdioa.common.pool.jmh.SharedObjectBenchmark.testThread","avgt",2,5,1551.526375,1.054432,"ns/op",1000,pooled,false
"de.serdioa.common.pool.jmh.SharedObjectBenchmark.testThread","avgt",2,5,1578.078573,9.602053,"ns/op",1000,locking,true
"de.serdioa.common.pool.jmh.SharedObjectBenchmark.testThread","avgt",2,5,1559.794515,0.971389,"ns/op",1000,locking,false
"de.serdioa.common.pool.jmh.SharedObjectBenchmark.testThread","avgt",2,5,1572.920150,8.551100,"ns/op",1000,sync,true
"de.serdioa.common.pool.jmh.SharedObjectBenchmark.testThread","avgt",2,5,1556.979626,0.606222,"ns/op",1000,sync,false
"de.serdioa.common.pool.jmh.SharedObjectBenchmark.testThread","avgt",2,5,1588.665859,5.411465,"ns/op",1000,reflection-locking,true
"de.serdioa.common.pool.jmh.SharedObjectBenchmark.testThread","avgt",2,5,1570.708632,5.431967,"ns/op",1000,reflection-locking,false
"de.serdioa.common.pool.jmh.SharedObjectBenchmark.testThread","avgt",2,5,1591.309626,26.505296,"ns/op",1000,reflection-sync,true
"de.serdioa.common.pool.jmh.SharedObjectBenchmark.testThread","avgt",2,5,1565.633317,11.901804,"ns/op",1000,reflection-sync,false
